,antecedents,consequents,antecedent support,consequent support,support,confidence,lift,leverage,conviction
0,frozenset({0}),frozenset({12}),0.09692576184722781,0.002819170358437374,0.0005369848301785474,0.00554016620498615,1.965176098140087,0.00026373459540988265,1.0027361545977829
1,frozenset({12}),frozenset({0}),0.002819170358437374,0.09692576184722781,0.0005369848301785474,0.19047619047619047,1.965176098140087,0.00026373459540988265,1.1155622941887187
2,frozenset({0}),frozenset({24}),0.09692576184722781,0.0041616324338837425,0.0005369848301785474,0.00554016620498615,1.3312483245465108,0.00013361543599623278,1.0013862136249803
3,frozenset({24}),frozenset({0}),0.0041616324338837425,0.09692576184722781,0.0005369848301785474,0.12903225806451613,1.3312483245465105,0.00013361543599623278,1.0368630141754052
4,frozenset({0}),frozenset({27}),0.09692576184722781,0.014364344207276145,0.002013693113169553,0.020775623268698064,1.4463328759675875,0.0006214181074434991,1.0065473033696557
5,frozenset({27}),frozenset({0}),0.014364344207276145,0.09692576184722781,0.002013693113169553,0.14018691588785048,1.4463328759675875,0.0006214181074434991,1.0503146030689852
6,frozenset({0}),frozenset({32}),0.09692576184722781,0.00644381796214257,0.0006712310377231843,0.006925207756232687,1.07470567867036,4.665907253766468e-05,1.000484746766155
7,frozenset({32}),frozenset({0}),0.00644381796214257,0.09692576184722781,0.0006712310377231843,0.10416666666666666,1.07470567867036,4.665907253766468e-05,1.0080828704961178
8,frozenset({0}),frozenset({42}),0.09692576184722781,0.00469861726406229,0.0005369848301785474,0.00554016620498615,1.1791056588840523,8.156777223077282e-05,1.0008462372358593
9,frozenset({42}),frozenset({0}),0.00469861726406229,0.09692576184722781,0.0005369848301785474,0.1142857142857143,1.1791056588840523,8.156777223077282e-05,1.019599946301517
10,frozenset({0}),frozenset({62}),0.09692576184722781,0.005235602094240838,0.0008054772452678212,0.008310249307479225,1.5872576177285318,0.00029801252355458657,1.0031004124133494
11,frozenset({62}),frozenset({0}),0.005235602094240838,0.09692576184722781,0.0008054772452678212,0.15384615384615385,1.587257617728532,0.00029801252355458657,1.067269554180549
12,frozenset({2}),frozenset({29}),0.005101355886696201,0.10417505705463821,0.0005369848301785474,0.10526315789473684,1.0104449267498643,5.5507896259562005e-06,1.0012161127036396
13,frozenset({29}),frozenset({2}),0.10417505705463821,0.005101355886696201,0.0005369848301785474,0.005154639175257732,1.0104449267498643,5.5507896259562005e-06,1.0000535593677768
14,frozenset({34}),frozenset({3}),0.015169821452543966,0.03772318432004296,0.0008054772452678212,0.05309734513274336,1.4075520423267094,0.00023322327451136336,1.016236263288179
15,frozenset({3}),frozenset({34}),0.03772318432004296,0.015169821452543966,0.0008054772452678212,0.021352313167259787,1.4075520423267094,0.00023322327451136336,1.006317382443037
16,frozenset({3}),frozenset({52}),0.03772318432004296,0.0178547456034367,0.0010739696603570949,0.028469750889679717,1.5945201080994302,0.0004004318009711756,1.0109260677122136
17,frozenset({52}),frozenset({3}),0.0178547456034367,0.03772318432004296,0.0010739696603570949,0.06015037593984963,1.5945201080994302,0.0004004318009711756,1.0238625318834742
18,frozenset({56}),frozenset({3}),0.03275607464089139,0.03772318432004296,0.001879446905624916,0.05737704918032788,1.5210022752464853,0.0006437834643454852,1.0208501870691717
19,frozenset({3}),frozenset({56}),0.03772318432004296,0.03275607464089139,0.001879446905624916,0.0498220640569395,1.5210022752464851,0.0006437834643454852,1.0179608353030318
20,frozenset({66}),frozenset({3}),0.030473889112632567,0.03772318432004296,0.0012082158679017317,0.039647577092511016,1.051013529402543,5.864373195734298e-05,1.0020038401805058
21,frozenset({3}),frozenset({66}),0.03772318432004296,0.030473889112632567,0.0012082158679017317,0.03202846975088968,1.051013529402543,5.864373195734298e-05,1.0016060189681995
22,frozenset({21}),frozenset({5}),0.008726003490401396,0.07329842931937172,0.0008054772452678212,0.09230769230769231,1.2593406593406595,0.00016587489518604356,1.0209424083769634
23,frozenset({5}),frozenset({21}),0.07329842931937172,0.008726003490401396,0.0008054772452678212,0.01098901098901099,1.2593406593406595,0.00016587489518604356,1.0022881520263718
24,frozenset({25}),frozenset({5}),0.008323264867767485,0.07329842931937172,0.000939723452812458,0.11290322580645162,1.5403225806451615,0.0003296412111959932,1.0446454069490718
25,frozenset({5}),frozenset({25}),0.07329842931937172,0.008323264867767485,0.000939723452812458,0.012820512820512822,1.5403225806451615,0.0003296412111959932,1.0045556537703135
26,frozenset({27}),frozenset({5}),0.014364344207276145,0.07329842931937172,0.0010739696603570949,0.07476635514018691,1.020026702269693,2.1085791760937743e-05,1.001586546089164
27,frozenset({5}),frozenset({27}),0.07329842931937172,0.014364344207276145,0.0010739696603570949,0.014652014652014652,1.020026702269693,2.1085791760937743e-05,1.0002919480721695
28,frozenset({9}),frozenset({6}),0.02752047254665056,0.028191703584373742,0.0017452006980802793,0.06341463414634146,2.2494076655052266,0.0009693516935432115,1.0376078164854343
29,frozenset({6}),frozenset({9}),0.028191703584373742,0.02752047254665056,0.0017452006980802793,0.06190476190476191,2.2494076655052266,0.0009693516935432115,1.036653303376667
30,frozenset({13}),frozenset({6}),0.015035575244999329,0.028191703584373742,0.0006712310377231843,0.04464285714285714,1.5835459183673466,0.0002473525571956156,1.0172198990518704
31,frozenset({6}),frozenset({13}),0.028191703584373742,0.015035575244999329,0.0006712310377231843,0.023809523809523808,1.5835459183673468,0.0002473525571956156,1.0089879473100007
32,frozenset({6}),frozenset({15}),0.028191703584373742,0.027654718754195194,0.0014767082829910056,0.05238095238095238,1.8941054091539529,0.0006970746491635132,1.0260930103598944
33,frozenset({15}),frozenset({6}),0.027654718754195194,0.028191703584373742,0.0014767082829910056,0.05339805825242719,1.8941054091539529,0.0006970746491635132,1.0266282515980463
34,frozenset({43}),frozenset({6}),0.008457511075312122,0.028191703584373742,0.0006712310377231843,0.07936507936507936,2.815192743764172,0.0004327993924264269,1.0555848736928353
35,frozenset({6}),frozenset({43}),0.028191703584373742,0.008457511075312122,0.0006712310377231843,0.023809523809523808,2.815192743764172,0.0004327993924264269,1.0157264520691924
36,frozenset({9}),frozenset({15}),0.02752047254665056,0.027654718754195194,0.0008054772452678212,0.029268292682926828,1.058347146578262,4.440631700765004e-05,1.0016622243989446
37,frozenset({15}),frozenset({9}),0.027654718754195194,0.02752047254665056,0.0008054772452678212,0.02912621359223301,1.058347146578262,4.440631700765004e-05,1.00165391327695
38,frozenset({9}),frozenset({21}),0.02752047254665056,0.008726003490401396,0.0006712310377231843,0.024390243902439022,2.795121951219512,0.0004310872982236157,1.0160558464223386
39,frozenset({21}),frozenset({9}),0.008726003490401396,0.02752047254665056,0.0006712310377231843,0.07692307692307691,2.7951219512195116,0.0004310872982236157,1.0535194880744618
40,frozenset({9}),frozenset({34}),0.02752047254665056,0.015169821452543966,0.0005369848301785474,0.01951219512195122,1.286250809410749,0.00011950417535622052,1.0044287890658135
41,frozenset({34}),frozenset({9}),0.015169821452543966,0.02752047254665056,0.0005369848301785474,0.035398230088495575,1.286250809410749,0.00011950417535622052,1.0081668495617293
42,frozenset({10}),frozenset({38}),0.005906833131964022,0.045509464357631896,0.0006712310377231843,0.11363636363636362,2.4969831053901848,0.0004024142258375884,1.0768611171349793
43,frozenset({38}),frozenset({10}),0.045509464357631896,0.005906833131964022,0.0006712310377231843,0.014749262536873156,2.4969831053901848,0.0004024142258375884,1.0089748011025874
44,frozenset({16}),frozenset({13}),0.0291314270371862,0.015035575244999329,0.0006712310377231843,0.023041474654377878,1.5324637919684,0.0002332232745113633,1.0081947177916752
45,frozenset({13}),frozenset({16}),0.015035575244999329,0.0291314270371862,0.0006712310377231843,0.04464285714285714,1.5324637919684,0.0002332232745113633,1.016236263288179
46,frozenset({19}),frozenset({13}),0.008054772452678213,0.015035575244999329,0.0005369848301785474,0.06666666666666665,4.43392857142857,0.00041587669288495636,1.055319026523215
47,frozenset({13}),frozenset({19}),0.015035575244999329,0.008054772452678213,0.0005369848301785474,0.03571428571428571,4.433928571428571,0.00041587669288495636,1.0286839396787042
48,frozenset({56}),frozenset({13}),0.03275607464089139,0.015035575244999329,0.0005369848301785474,0.01639344262295082,1.0903103044496487,4.4478405184610503e-05,1.0013804985009174
49,frozenset({13}),frozenset({56}),0.015035575244999329,0.03275607464089139,0.0005369848301785474,0.03571428571428571,1.0903103044496487,4.4478405184610503e-05,1.003067774446483
50,frozenset({16}),frozenset({15}),0.0291314270371862,0.027654718754195194,0.000939723452812458,0.03225806451612903,1.1664578766050735,0.0001341020311907159,1.004756790620665
51,frozenset({15}),frozenset({16}),0.027654718754195194,0.0291314270371862,0.000939723452812458,0.03398058252427184,1.1664578766050735,0.0001341020311907159,1.0050197287956766
52,frozenset({20}),frozenset({15}),0.011813666263928045,0.027654718754195194,0.0005369848301785474,0.04545454545454545,1.6436451897616944,0.00021028121219369349,1.018647437495605
53,frozenset({15}),frozenset({20}),0.027654718754195194,0.011813666263928045,0.0005369848301785474,0.019417475728155338,1.6436451897616944,0.00021028121219369349,1.0077543799486675
54,frozenset({29}),frozenset({15}),0.10417505705463821,0.027654718754195194,0.0033561551886159215,0.03221649484536082,1.1649547092383143,0.0004752232845676636,1.004713632818568
55,frozenset({15}),frozenset({29}),0.027654718754195194,0.10417505705463821,0.0033561551886159215,0.12135922330097088,1.1649547092383143,0.0004752232845676636,1.0195576698715165
56,frozenset({31}),frozenset({15}),0.01664652973553497,0.027654718754195194,0.0005369848301785474,0.03225806451612903,1.1664578766050735,7.662973210898052e-05,1.004756790620665
57,frozenset({15}),frozenset({31}),0.027654718754195194,0.01664652973553497,0.0005369848301785474,0.019417475728155338,1.1664578766050735,7.662973210898052e-05,1.002825816210296
58,frozenset({34}),frozenset({15}),0.015169821452543966,0.027654718754195194,0.0008054772452678212,0.05309734513274336,1.9200103101641035,0.000385960099446361,1.0268693157081863
59,frozenset({15}),frozenset({34}),0.027654718754195194,0.015169821452543966,0.0008054772452678212,0.02912621359223301,1.9200103101641035,0.000385960099446361,1.0143750839038796
60,frozenset({45}),frozenset({15}),0.03557524499932877,0.027654718754195194,0.0012082158679017317,0.033962264150943396,1.2280820663125114,0.00022439247283370547,1.0065292950396025
61,frozenset({15}),frozenset({45}),0.027654718754195194,0.03557524499932877,0.0012082158679017317,0.04368932038834951,1.2280820663125112,0.00022439247283370547,1.0084847691885193
62,frozenset({46}),frozenset({15}),0.007383541414955027,0.027654718754195194,0.0005369848301785474,0.07272727272727272,2.6298323036187115,0.0003327950689380137,1.0486076562454758
63,frozenset({15}),frozenset({46}),0.027654718754195194,0.007383541414955027,0.0005369848301785474,0.019417475728155338,2.629832303618711,0.0003327950689380137,1.0122722300421745
64,frozenset({47}),frozenset({15}),0.0873942811115586,0.027654718754195194,0.003758893811249832,0.04301075268817204,1.5552771688067646,0.0013420295463846058,1.0160461927624702
65,frozenset({15}),frozenset({47}),0.027654718754195194,0.0873942811115586,0.003758893811249832,0.13592233009708737,1.5552771688067648,0.0013420295463846058,1.0561616746686457
66,frozenset({48}),frozenset({15}),0.013827359377097597,0.027654718754195194,0.0006712310377231843,0.04854368932038835,1.755349231784334,0.00028883930303636655,1.0219547343705908
67,frozenset({15}),frozenset({48}),0.027654718754195194,0.013827359377097597,0.0006712310377231843,0.024271844660194174,1.755349231784334,0.00028883930303636655,1.0107042983498402
68,frozenset({51}),frozenset({15}),0.04644918781044435,0.027654718754195194,0.0016109544905356424,0.034682080924855495,1.2541107806274203,0.0003264152652770122,1.007279842248648
69,frozenset({15}),frozenset({51}),0.027654718754195194,0.04644918781044435,0.0016109544905356424,0.05825242718446602,1.2541107806274203,0.0003264152652770122,1.012533336654889
70,frozenset({52}),frozenset({15}),0.0178547456034367,0.027654718754195194,0.0017452006980802793,0.09774436090225565,3.534455069713118,0.0012514327299895341,1.0776826867141003
71,frozenset({15}),frozenset({52}),0.027654718754195194,0.0178547456034367,0.0017452006980802793,0.06310679611650485,3.534455069713118,0.0012514327299895341,1.0483001160916685
72,frozenset({56}),frozenset({15}),0.03275607464089139,0.027654718754195194,0.000939723452812458,0.02868852459016394,1.037382619767627,3.3863421127181275e-05,1.0010643401855543
73,frozenset({15}),frozenset({56}),0.027654718754195194,0.03275607464089139,0.000939723452812458,0.03398058252427184,1.037382619767627,3.3863421127181275e-05,1.001267581025007
74,frozenset({66}),frozenset({15}),0.030473889112632567,0.027654718754195194,0.0016109544905356424,0.05286343612334802,1.9115521149651427,0.0007682076577792578,1.026615715547896
75,frozenset({15}),frozenset({66}),0.027654718754195194,0.030473889112632567,0.0016109544905356424,0.05825242718446602,1.9115521149651429,0.0007682076577792578,1.0294967981587508
76,frozenset({67}),frozenset({15}),0.019331453886427707,0.027654718754195194,0.0008054772452678212,0.04166666666666667,1.5066747572815535,0.00027087132492896937,1.0146211630391007
77,frozenset({15}),frozenset({67}),0.027654718754195194,0.019331453886427707,0.0008054772452678212,0.02912621359223301,1.5066747572815535,0.00027087132492896937,1.0100886024969793
78,frozenset({16}),frozenset({33}),0.0291314270371862,0.010873942811115585,0.0005369848301785474,0.018433179723502304,1.6951698242020823,0.00022021135856999834,1.007701194413089
79,frozenset({33}),frozenset({16}),0.010873942811115585,0.0291314270371862,0.0005369848301785474,0.04938271604938272,1.6951698242020823,0.00022021135856999834,1.021303304025817
80,frozenset({16}),frozenset({44}),0.0291314270371862,0.03195059739562357,0.000939723452812458,0.03225806451612903,1.0096232041203579,8.956955987338513e-06,1.0003177160245222
81,frozenset({44}),frozenset({16}),0.03195059739562357,0.0291314270371862,0.000939723452812458,0.029411764705882353,1.0096232041203579,8.956955987338513e-06,1.0002888327495658
82,frozenset({16}),frozenset({56}),0.0291314270371862,0.03275607464089139,0.0014767082829910056,0.05069124423963134,1.5475372063156307,0.0005224770845652528,1.0188928728297406
83,frozenset({56}),frozenset({16}),0.03275607464089139,0.0291314270371862,0.0014767082829910056,0.04508196721311476,1.5475372063156307,0.0005224770845652528,1.0167035699696418
84,frozenset({18}),frozenset({54}),0.014767082829910055,0.027117733924016646,0.0005369848301785474,0.03636363636363636,1.340954095409541,0.00013653500716313182,1.0095948044184733
85,frozenset({54}),frozenset({18}),0.027117733924016646,0.014767082829910055,0.0005369848301785474,0.019801980198019802,1.340954095409541,0.00013653500716313182,1.0051366124664554
86,frozenset({20}),frozenset({45}),0.011813666263928045,0.03557524499932877,0.0005369848301785474,0.04545454545454545,1.2777015437392794,0.00011671075849900228,1.0103497433340365
87,frozenset({45}),frozenset({20}),0.03557524499932877,0.011813666263928045,0.0005369848301785474,0.015094339622641508,1.2777015437392794,0.00011671075849900228,1.003330951877621
88,frozenset({29}),frozenset({21}),0.10417505705463821,0.008726003490401396,0.0016109544905356424,0.015463917525773196,1.7721649484536084,0.0007019225790641048,1.006843745145875
89,frozenset({21}),frozenset({29}),0.008726003490401396,0.10417505705463821,0.0016109544905356424,0.18461538461538463,1.7721649484536082,0.0007019225790641048,1.098653231914123
90,frozenset({25}),frozenset({45}),0.008323264867767485,0.03557524499932877,0.0005369848301785474,0.06451612903225806,1.8135118685331708,0.00024088264331341338,1.030936807069683
91,frozenset({45}),frozenset({25}),0.03557524499932877,0.008323264867767485,0.0005369848301785474,0.015094339622641508,1.813511868533171,0.00024088264331341338,1.006874846015485
92,frozenset({25}),frozenset({47}),0.008323264867767485,0.0873942811115586,0.0008054772452678212,0.09677419354838711,1.107328675486844,7.807149564819e-05,1.0103849030550602
93,frozenset({47}),frozenset({25}),0.0873942811115586,0.008323264867767485,0.0008054772452678212,0.009216589861751152,1.107328675486844,7.807149564819e-05,1.0009016349939277
94,frozenset({26}),frozenset({27}),0.05195328231977447,0.014364344207276145,0.000939723452812458,0.01808785529715762,1.2592190103600664,0.00019344862287342356,1.0037921020836424
95,frozenset({27}),frozenset({26}),0.014364344207276145,0.05195328231977447,0.000939723452812458,0.06542056074766354,1.2592190103600664,0.00019344862287342356,1.0144099879178414
96,frozenset({27}),frozenset({29}),0.014364344207276145,0.10417505705463821,0.001879446905624916,0.1308411214953271,1.2559736005395508,0.0003830405282794617,1.0306803107005775
97,frozenset({29}),frozenset({27}),0.10417505705463821,0.014364344207276145,0.001879446905624916,0.01804123711340206,1.2559736005395508,0.0003830405282794617,1.003744447368968
98,frozenset({60}),frozenset({29}),0.0025506779433481005,0.10417505705463821,0.0006712310377231843,0.2631578947368421,2.5261123168746606,0.00040551401744688865,1.2157624225687051
99,frozenset({29}),frozenset({60}),0.10417505705463821,0.0025506779433481005,0.0006712310377231843,0.006443298969072164,2.52611231687466,0.00040551401744688865,1.0039178650012475
100,frozenset({32}),frozenset({30}),0.00644381796214257,0.004832863471606927,0.0005369848301785474,0.08333333333333333,17.243055555555557,0.000505842737731624,1.0856368762127924
101,frozenset({30}),frozenset({32}),0.004832863471606927,0.00644381796214257,0.0005369848301785474,0.11111111111111112,17.243055555555557,0.000505842737731624,1.1177507047925896
102,frozenset({32}),frozenset({38}),0.00644381796214257,0.045509464357631896,0.0005369848301785474,0.08333333333333333,1.8311209439528022,0.00024373012630335195,1.041262402518947
103,frozenset({38}),frozenset({32}),0.045509464357631896,0.00644381796214257,0.0005369848301785474,0.011799410029498525,1.8311209439528022,0.00024373012630335195,1.0054195394353242
104,frozenset({33}),frozenset({38}),0.010873942811115585,0.045509464357631896,0.0006712310377231843,0.06172839506172839,1.3563858844094832,0.00017636372493379194,1.0172859656188398
105,frozenset({38}),frozenset({33}),0.045509464357631896,0.010873942811115585,0.0006712310377231843,0.014749262536873156,1.3563858844094834,0.00017636372493379194,1.0039333334941072
106,frozenset({34}),frozenset({44}),0.015169821452543966,0.03195059739562357,0.0005369848301785474,0.035398230088495575,1.1079051089462333,5.22999723848216e-05,1.0035741513238032
107,frozenset({44}),frozenset({34}),0.03195059739562357,0.015169821452543966,0.0005369848301785474,0.01680672268907563,1.1079051089462333,5.22999723848216e-05,1.0016648824542502
108,frozenset({34}),frozenset({47}),0.015169821452543966,0.0873942811115586,0.0013424620754463685,0.08849557522123894,1.0126014436605357,1.6706435010588978e-05,1.0012082158679019
109,frozenset({47}),frozenset({34}),0.0873942811115586,0.015169821452543966,0.0013424620754463685,0.015360983102918585,1.0126014436605357,1.6706435010588978e-05,1.0001941438914101
110,frozenset({34}),frozenset({52}),0.015169821452543966,0.0178547456034367,0.0008054772452678212,0.05309734513274336,2.9738505555925214,0.000534623942383092,1.0372188200636603
111,frozenset({52}),frozenset({34}),0.0178547456034367,0.015169821452543966,0.0008054772452678212,0.04511278195488722,2.9738505555925214,0.000534623942383092,1.031357588557572
112,frozenset({56}),frozenset({34}),0.03275607464089139,0.015169821452543966,0.0006712310377231843,0.020491803278688527,1.3508269258668215,0.0001743272339346587,1.0054333203580723
113,frozenset({34}),frozenset({56}),0.015169821452543966,0.03275607464089139,0.0006712310377231843,0.04424778761061947,1.3508269258668215,0.0001743272339346587,1.0120237367183267
114,frozenset({53}),frozenset({38}),0.014095851792186871,0.045509464357631896,0.0006712310377231843,0.047619047619047616,1.046354825115887,2.9736372996194194e-05,1.0022150624244865
115,frozenset({38}),frozenset({53}),0.045509464357631896,0.014095851792186871,0.0006712310377231843,0.014749262536873156,1.046354825115887,2.9736372996194194e-05,1.0006631923426605
116,frozenset({47}),frozenset({39}),0.0873942811115586,0.005504094509330111,0.0005369848301785474,0.006144393241167435,1.1163313476452736,5.5958447365565486e-05,1.0006442573020495
117,frozenset({39}),frozenset({47}),0.005504094509330111,0.0873942811115586,0.0005369848301785474,0.0975609756097561,1.1163313476452736,5.5958447365565486e-05,1.0112657966061107
118,frozenset({53}),frozenset({39}),0.014095851792186871,0.005504094509330111,0.0005369848301785474,0.03809523809523809,6.921254355400697,0.00045939992972484066,1.0338818819457458
119,frozenset({39}),frozenset({53}),0.005504094509330111,0.014095851792186871,0.0005369848301785474,0.0975609756097561,6.921254355400697,0.00045939992972484066,1.0924883804464955
120,frozenset({56}),frozenset({43}),0.03275607464089139,0.008457511075312122,0.0005369848301785474,0.01639344262295082,1.938329430132709,0.00025994996611945797,1.0080681970734326
121,frozenset({43}),frozenset({56}),0.008457511075312122,0.03275607464089139,0.0005369848301785474,0.06349206349206349,1.938329430132709,0.00025994996611945797,1.032819784705489
122,frozenset({45}),frozenset({46}),0.03557524499932877,0.007383541414955027,0.0005369848301785474,0.015094339622641508,2.044322469982847,0.00027431353537883175,1.0078289713602948
123,frozenset({46}),frozenset({45}),0.007383541414955027,0.03557524499932877,0.0005369848301785474,0.07272727272727272,2.044322469982847,0.00027431353537883175,1.040065912255626
124,frozenset({56}),frozenset({45}),0.03275607464089139,0.03557524499932877,0.0012082158679017317,0.036885245901639344,1.0368233838540055,4.291048733572034e-05,1.0013601711496332
125,frozenset({45}),frozenset({56}),0.03557524499932877,0.03275607464089139,0.0012082158679017317,0.033962264150943396,1.0368233838540057,4.291048733572034e-05,1.0012485946100147
126,frozenset({46}),frozenset({47}),0.007383541414955027,0.0873942811115586,0.0006712310377231843,0.09090909090909091,1.0402178466694596,2.5951743705769463e-05,1.0038662907772857
127,frozenset({47}),frozenset({46}),0.0873942811115586,0.007383541414955027,0.0006712310377231843,0.0076804915514592925,1.0402178466694594,2.5951743705769463e-05,1.0002992485121738
128,frozenset({54}),frozenset({47}),0.027117733924016646,0.0873942811115586,0.0025506779433481005,0.09405940594059406,1.0762649997718665,0.0001807430816841405,1.0073571323249462
129,frozenset({47}),frozenset({54}),0.0873942811115586,0.027117733924016646,0.0025506779433481005,0.029185867895545316,1.0762649997718667,0.0001807430816841405,1.0021303088852298
130,frozenset({48}),frozenset({56}),0.013827359377097597,0.03275607464089139,0.0008054772452678212,0.05825242718446602,1.778370205315932,0.00035254722942518283,1.0270734465153422
131,frozenset({56}),frozenset({48}),0.03275607464089139,0.013827359377097597,0.0008054772452678212,0.024590163934426233,1.778370205315932,0.00035254722942518283,1.0110341357646564
132,frozenset({56}),frozenset({51}),0.03275607464089139,0.04644918781044435,0.003087662773526648,0.09426229508196722,2.0293636880507915,0.00156616971059895,1.052789132010188
133,frozenset({51}),frozenset({56}),0.04644918781044435,0.03275607464089139,0.003087662773526648,0.06647398843930635,2.0293636880507915,0.00156616971059895,1.0361188797964447
134,frozenset({52}),frozenset({54}),0.0178547456034367,0.027117733924016646,0.0005369848301785474,0.030075187969924814,1.109059778158267,5.280458962354491e-05,1.0030491580473317
135,frozenset({54}),frozenset({52}),0.027117733924016646,0.0178547456034367,0.0005369848301785474,0.019801980198019802,1.109059778158267,5.280458962354491e-05,1.001986572667201
136,frozenset({56}),frozenset({52}),0.03275607464089139,0.0178547456034367,0.0006712310377231843,0.020491803278688527,1.1476950573154199,8.637965804288422e-05,1.0026922262458637
137,frozenset({52}),frozenset({56}),0.0178547456034367,0.03275607464089139,0.0006712310377231843,0.03759398496240601,1.1476950573154197,8.637965804288422e-05,1.0050268911934488
138,frozenset({66}),frozenset({52}),0.030473889112632567,0.0178547456034367,0.0008054772452678212,0.02643171806167401,1.480374946176013,0.0002613737076144273,1.008809831439004
139,frozenset({52}),frozenset({66}),0.0178547456034367,0.030473889112632567,0.0008054772452678212,0.04511278195488722,1.480374946176013,0.0002613737076144273,1.0153304940788965
140,frozenset({57}),frozenset({53}),0.007920526245133576,0.014095851792186871,0.0008054772452678212,0.10169491525423728,7.214527845036319,0.0006938306812002919,1.0975159385709616
141,frozenset({53}),frozenset({57}),0.014095851792186871,0.007920526245133576,0.0008054772452678212,0.05714285714285714,7.214527845036319,0.0006938306812002919,1.0522055024672825
142,frozenset({56}),frozenset({55}),0.03275607464089139,0.004967109679151564,0.0006712310377231843,0.020491803278688527,4.1254984492689415,0.0005085280223234015,1.0158494779844645
143,frozenset({55}),frozenset({56}),0.004967109679151564,0.03275607464089139,0.0006712310377231843,0.13513513513513511,4.125498449268941,0.0005085280223234015,1.1183757886964694
144,frozenset({56}),frozenset({63}),0.03275607464089139,0.016378037320445696,0.000939723452812458,0.02868852459016394,1.7516460628863213,0.000403243239872634,1.012674088159541
145,frozenset({63}),frozenset({56}),0.016378037320445696,0.03275607464089139,0.000939723452812458,0.05737704918032788,1.7516460628863213,0.000403243239872634,1.0261196425548804
146,frozenset({56}),frozenset({66}),0.03275607464089139,0.030473889112632567,0.002819170358437374,0.08606557377049182,2.8242399075612052,0.0018209653720657343,1.0608267760381958
147,frozenset({66}),frozenset({56}),0.030473889112632567,0.03275607464089139,0.002819170358437374,0.09251101321585903,2.824239907561205,0.0018209653720657343,1.065846461439406
148,frozenset({56}),frozenset({67}),0.03275607464089139,0.019331453886427707,0.0010739696603570949,0.03278688524590164,1.6960382513661203,0.00044074711393631894,1.0139115476767442
149,frozenset({67}),frozenset({56}),0.019331453886427707,0.03275607464089139,0.0010739696603570949,0.05555555555555556,1.6960382513661205,0.00044074711393631894,1.0241406268508209
150,"frozenset({5, 29})",frozenset({0}),0.005369848301785474,0.09692576184722781,0.0006712310377231843,0.125,1.2896468144044322,0.00015075440006858472,1.0320848436031682
151,frozenset({0}),"frozenset({5, 29})",0.09692576184722781,0.005369848301785474,0.0006712310377231843,0.006925207756232687,1.2896468144044322,0.00015075440006858472,1.0015662057546875
152,"frozenset({0, 9})",frozenset({29}),0.0016109544905356424,0.10417505705463821,0.0005369848301785474,0.3333333333333333,3.199742268041237,0.00036916355421457125,1.3437374144180425
153,"frozenset({0, 29})",frozenset({9}),0.00939723452812458,0.02752047254665056,0.0005369848301785474,0.05714285714285715,2.076376306620209,0.00027836849533285826,1.0314176806323403
154,"frozenset({9, 29})",frozenset({0}),0.002282185528258827,0.09692576184722781,0.0005369848301785474,0.2352941176470588,2.4275704741730486,0.00031578225917534256,1.1809432345074713
155,frozenset({0}),"frozenset({9, 29})",0.09692576184722781,0.002282185528258827,0.0005369848301785474,0.00554016620498615,2.4275704741730486,0.00031578225917534256,1.003276130986904
156,frozenset({9}),"frozenset({0, 29})",0.02752047254665056,0.00939723452812458,0.0005369848301785474,0.01951219512195122,2.0763763066202094,0.00027836849533285826,1.0103162533419625
157,frozenset({29}),"frozenset({0, 9})",0.10417505705463821,0.0016109544905356424,0.0005369848301785474,0.005154639175257732,3.199742268041237,0.00036916355421457125,1.0035620457452648
158,"frozenset({0, 29})",frozenset({15}),0.00939723452812458,0.027654718754195194,0.0005369848301785474,0.05714285714285715,2.0662968099861305,0.00027710695223605,1.0312752982910052
159,"frozenset({0, 15})",frozenset({29}),0.0014767082829910056,0.10417505705463821,0.0005369848301785474,0.3636363636363636,3.490627928772258,0.0003831486605449026,1.4077249103427112
160,"frozenset({29, 15})",frozenset({0}),0.0033561551886159215,0.09692576184722781,0.0005369848301785474,0.16,1.650747922437673,0.00021168693164442268,1.0750883787533003
161,frozenset({0}),"frozenset({29, 15})",0.09692576184722781,0.0033561551886159215,0.0005369848301785474,0.00554016620498615,1.650747922437673,0.00021168693164442268,1.002196178208662
162,frozenset({29}),"frozenset({0, 15})",0.10417505705463821,0.0014767082829910056,0.0005369848301785474,0.005154639175257732,3.4906279287722586,0.0003831486605449026,1.0036969875290143
163,frozenset({15}),"frozenset({0, 29})",0.027654718754195194,0.00939723452812458,0.0005369848301785474,0.019417475728155338,2.0662968099861305,0.00027710695223605,1.0102186618178532
164,"frozenset({0, 26})",frozenset({29}),0.004027386226339106,0.10417505705463821,0.0005369848301785474,0.1333333333333333,1.2798969072164945,0.00011743164026860694,1.0336441649369559
165,"frozenset({0, 29})",frozenset({26}),0.00939723452812458,0.05195328231977447,0.0005369848301785474,0.05714285714285715,1.099889258028793,4.876765171375855e-05,1.00550409450933
166,"frozenset({26, 29})",frozenset({0}),0.0017452006980802793,0.09692576184722781,0.0005369848301785474,0.30769230769230765,3.174515235457063,0.0003678299229408025,1.304440566220671
167,frozenset({0}),"frozenset({26, 29})",0.09692576184722781,0.0017452006980802793,0.0005369848301785474,0.00554016620498615,3.1745152354570636,0.0003678299229408025,1.003816107376025
168,frozenset({26}),"frozenset({0, 29})",0.05195328231977447,0.00939723452812458,0.0005369848301785474,0.010335917312661497,1.099889258028793,4.876765171375855e-05,1.0009484862600935
169,frozenset({29}),"frozenset({0, 26})",0.10417505705463821,0.004027386226339106,0.0005369848301785474,0.005154639175257732,1.2798969072164947,0.00011743164026860694,1.0011330936377731
170,"frozenset({45, 29})",frozenset({5}),0.0013424620754463685,0.07329842931937172,0.0005369848301785474,0.4,5.457142857142858,0.00043858446862750475,1.5445026178010473
171,"frozenset({5, 29})",frozenset({45}),0.005369848301785474,0.03557524499932877,0.0005369848301785474,0.1,2.810943396226415,0.00034595116123329966,1.0715830611118569
172,"frozenset({5, 45})",frozenset({29}),0.0013424620754463685,0.10417505705463821,0.0005369848301785474,0.4,3.8396907216494847,0.000397133766875234,1.493041571575603
173,frozenset({29}),"frozenset({5, 45})",0.10417505705463821,0.0013424620754463685,0.0005369848301785474,0.005154639175257732,3.8396907216494847,0.000397133766875234,1.0038319293127638
174,frozenset({45}),"frozenset({5, 29})",0.03557524499932877,0.005369848301785474,0.0005369848301785474,0.015094339622641508,2.810943396226415,0.00034595116123329966,1.009873525670601
175,frozenset({5}),"frozenset({45, 29})",0.07329842931937172,0.0013424620754463685,0.0005369848301785474,0.007326007326007326,5.457142857142857,0.00043858446862750475,1.0060277042561
176,"frozenset({52, 29})",frozenset({15}),0.0012082158679017317,0.027654718754195194,0.0005369848301785474,0.4444444444444445,16.071197411003237,0.0005035719601573692,1.7502215062424484
177,"frozenset({52, 15})",frozenset({29}),0.0017452006980802793,0.10417505705463821,0.0005369848301785474,0.30769230769230765,2.9536082474226797,0.00035517844788423994,1.2939693620321893
178,"frozenset({29, 15})",frozenset({52}),0.0033561551886159215,0.0178547456034367,0.0005369848301785474,0.16,8.961203007518797,0.00047706153308015606,1.1692205409482896
179,frozenset({52}),"frozenset({29, 15})",0.0178547456034367,0.0033561551886159215,0.0005369848301785474,0.030075187969924814,8.961203007518797,0.00047706153308015606,1.0275475299218146
180,frozenset({29}),"frozenset({52, 15})",0.10417505705463821,0.0017452006980802793,0.0005369848301785474,0.005154639175257732,2.95360824742268,0.00035517844788423994,1.0034271039615152
181,frozenset({15}),"frozenset({52, 29})",0.027654718754195194,0.0012082158679017317,0.0005369848301785474,0.019417475728155338,16.071197411003237,0.0005035719601573692,1.0185698392634268
182,"frozenset({51, 47})",frozenset({15}),0.003221908981071285,0.027654718754195194,0.0006712310377231843,0.20833333333333331,7.533373786407767,0.0005821300510000422,1.2282256184157532
183,"frozenset({51, 15})",frozenset({47}),0.0016109544905356424,0.0873942811115586,0.0006712310377231843,0.41666666666666663,4.767665130568356,0.0005304428281193847,1.5644669466658996
184,"frozenset({15, 47})",frozenset({51}),0.003758893811249832,0.04644918781044435,0.0006712310377231843,0.17857142857142855,3.844446738232865,0.0004966334731249238,1.1608444670133722
185,frozenset({51}),"frozenset({15, 47})",0.04644918781044435,0.003758893811249832,0.0006712310377231843,0.014450867052023121,3.8444467382328655,0.0004966334731249238,1.0108487470419576
186,frozenset({47}),"frozenset({51, 15})",0.0873942811115586,0.0016109544905356424,0.0006712310377231843,0.0076804915514592925,4.767665130568355,0.0005304428281193847,1.0061165149019526
187,frozenset({15}),"frozenset({51, 47})",0.027654718754195194,0.003221908981071285,0.0006712310377231843,0.024271844660194174,7.533373786407767,0.0005821300510000422,1.021573565919897
188,"frozenset({66, 47})",frozenset({15}),0.0017452006980802793,0.027654718754195194,0.0005369848301785474,0.30769230769230765,11.126213592233007,0.0004887217957035122,1.4044987395772737
189,"frozenset({66, 15})",frozenset({47}),0.0016109544905356424,0.0873942811115586,0.0005369848301785474,0.3333333333333333,3.8141321044546848,0.00039619662057474787,1.368908578332662
190,"frozenset({15, 47})",frozenset({66}),0.003758893811249832,0.030473889112632567,0.0005369848301785474,0.14285714285714285,4.68785399622404,0.00042243671698835925,1.131113796035262
191,frozenset({66}),"frozenset({15, 47})",0.030473889112632567,0.003758893811249832,0.0005369848301785474,0.01762114537444934,4.687853996224041,0.00042243671698835925,1.0141109018154542
192,frozenset({47}),"frozenset({66, 15})",0.0873942811115586,0.0016109544905356424,0.0005369848301785474,0.006144393241167435,3.8141321044546848,0.00039619662057474787,1.0045614661926758
193,frozenset({15}),"frozenset({66, 47})",0.027654718754195194,0.0017452006980802793,0.0005369848301785474,0.019417475728155338,11.12621359223301,0.0004887217957035122,1.0180222210702745
